Times,BER,EbNo,Prop_Loss,Weather,Rain_Loss,EIRP,Range,Rcvd_Frequency,g_over_T,Bandwidth,Free_Space_Loss,Propagation_Delay,Rcvd_Iso_Power,C/No,Atmos Loss
72470.57,0.13883997814083682,-2.2973362535869146,174.89628193288976,Clouds,2.746093407857964,12.0,799.999633890485,12.000008896243422,12.0,200.0,172.09320390769028,0.0026685115403753254,-162.8964751166577,17.702663746413087,0.05698461734151755
72471.0,0.13880667206674835,-2.296132123576468,174.89510048562988,Clouds,2.745896355342489,12.0,799.9096759649931,12.000007851707892,12.0,200.0,172.09222714655903,0.002668211473035099,-162.89527098664723,17.70386787642353,0.056976983728389635
72472.0,0.1387451863253853,-2.2939091225028667,174.89293026144364,Clouds,2.7455407523907684,12.0,799.7438748175243,12.00000542132306,12.0,200.0,172.09042659359147,0.002667658419937717,-162.89304798557365,17.706090877497132,0.0569629154613857
72473.0,0.13870605256702728,-2.292494198474802,174.89156814133696,Clouds,2.745328729597488,12.0,799.6388085105199,12.000002989663745,12.0,200.0,172.08928541036104,0.0026673079564613995,-162.8916330615456,17.707505801525198,0.05695400137845083
72474.0,0.13868928383269274,-2.291887893788395,174.89101465552062,Clouds,2.745260291271509,12.0,799.5945014372896,12.000000557286459,12.0,200.0,172.0888041218011,0.0026671601639734702,-162.89102675685916,17.708112106211605,0.05695024244799127
72475.0,0.1386971388661855,-2.2921719080384353,174.8912700503428,Clouds,2.745335451410566,12.0,799.6109648436379,11.999998124748197,12.0,200.0,172.08898295977238,0.0026672150799858943,-162.89131077110923,17.707828091961563,0.05695163915986595
72476.0,0.1387280334422662,-2.29328894626219,174.89233427445856,Clouds,2.745554231324914,12.0,799.6881958011697,11.999995692606236,12.0,200.0,172.08982185169555,0.0026674726947305983,-162.89242780933296,17.706711053737813,0.05695819143812293
72477.0,0.13878128984160248,-2.2952144481368,174.89420698228014,Clouds,2.7459166602138323,12.0,799.8261774633809,11.999993261417384,12.0,200.0,172.09132042340337,0.0026679329520136923,-162.8943533112076,17.7047855518632,0.056969898662936405
72477.885730994,0.13884712333019367,-2.297594573064192,174.89654037232452,Clouds,2.7463576685239883,12.0,799.999101893734,11.999991109280579,12.0,200.0,172.09319813160437,0.002668509765825176,-162.89673343613498,17.702405426935808,0.05698457219614371
