Times,BER,EbNo,Prop_Loss,Weather,Rain_Loss,EIRP,Range,Rcvd_Frequency,g_over_T,Bandwidth,Free_Space_Loss,Propagation_Delay,Rcvd_Iso_Power,C/No,Atmos Loss
7879.082405265,0.06821646422150368,0.44880027700474606,172.15018837356553,Clear,0.0,12.0,799.9996200481235,12.00000691742166,12.0,200.0,172.09320375739867,0.002668511494202177,-160.15033858606603,20.448800277004743,0.056984616166854324
7880.0,0.06818252793519769,0.45030423252058915,172.1487328614425,Clear,0.0,12.0,799.8666130725106,12.000004686585696,12.0,200.0,172.09175953176282,0.002668067830687424,-160.1488346305502,20.450304232520587,0.05697332967970276
7881.0,0.06815992769642837,0.45130598408489936,172.14778392586564,Clear,0.0,12.0,799.7799096206056,12.000002254361794,12.0,200.0,172.09081795297706,0.0026677786191025713,-160.14783287898587,20.451305984084897,0.05696597288857775
7882.0,0.06815250791877858,0.4516348951181773,172.14750009378403,Clear,0.0,12.0,799.7539779243054,11.999999821588021,12.0,200.0,172.09053632111673,0.002667692120274438,-160.14750396795262,20.45163489511818,0.05696377266728875
7883.0,0.06816230364515219,0.45120066395621095,172.14788149773108,Clear,0.0,12.0,799.7888242522016,11.999997388821836,12.0,200.0,172.09091476845558,0.002667808355112795,-160.14793819911458,20.451200663956214,0.05696672927545757
7884.0,0.06818710499105485,0.4501013724769259,172.14892797361753,Clear,0.0,12.0,799.8844414601913,11.999994956620448,12.0,200.0,172.0919531311449,0.0026681272997874793,-160.14903749059386,20.45010137247693,0.056974842472635706
7884.770535431,0.06821644888589767,0.4488009565616675,172.15018770878584,Clear,0.0,12.0,799.9995592945238,11.999993083258833,12.0,200.0,172.0932030977745,0.0026685112915499822,-160.1503379065091,20.448800956561666,0.05698461101131519
