Times,BER,EbNo,Prop_Loss,Weather,Rain_Loss,EIRP,Range,Rcvd_Frequency,g_over_T,Bandwidth,Free_Space_Loss,Propagation_Delay,Rcvd_Iso_Power,C/No,Atmos Loss
30389.785423664,0.16406617120295064,-3.2045645118155446,175.80354861869264,Clouds,3.6383831985827486,12.0,799.9995189383816,12.000007126659117,12.0,200.0,172.09320265961304,0.0026685111569363816,-163.8037033748863,16.795435488184456,0.07196276049687539
30390.0,0.16405172998473572,-3.204045868321977,175.8030413566411,Clouds,3.6382794315588063,12.0,799.9627200016903,12.000006602542332,12.0,200.0,172.0928031108047,0.002668388408896165,-163.80318473139278,16.795954131678023,0.0719588142775853
30391.0,0.16399867224557085,-3.2021403584363384,175.80118890628216,Clouds,3.637901145147573,12.0,799.8282897261802,12.000004159126567,12.0,200.0,172.0913433619591,0.0026679399977639867,-163.80127922150712,16.79785964156366,0.07194439917553141
30392.0,0.16396908209696703,-3.2010776689073746,175.80017929703413,Clouds,3.637696256110194,12.0,799.7549159875736,12.00000171472519,12.0,200.0,172.09054650913635,0.002667695249316691,-163.80021653197815,16.798922331092626,0.07193653178755312
30393.0,0.1639638536213846,-3.200889895972675,175.80001290510438,Clouds,3.637664762755036,12.0,799.742616693367,11.999999269900457,12.0,200.0,172.09041292929655,0.002667654223287255,-163.80002875904347,16.799110104027328,0.07193521305281103
30394.0,0.16398417951935557,-3.201619871387949,175.8006897943397,Clouds,3.6378066659623727,12.0,799.7913948096106,11.999996825215389,12.0,200.0,172.09094268525237,0.0026678169295693576,-163.80075873445875,16.798380128612052,0.07194044312492132
30395.0,0.16402797925701973,-3.2031928850204805,175.80220973639425,Clouds,3.6381219733631696,12.0,799.9012398245476,11.999994381232634,12.0,200.0,172.09213554150224,0.0026681833330995525,-163.80233174809126,16.79680711497952,0.07195222152885113
30395.619,0.1640668472422247,-3.20458879119728,175.80357280391735,Clouds,3.638404044403395,12.0,799.9998235005655,11.999992869004945,12.0,200.0,172.09320596635627,0.0026685121728464746,-163.80372765426807,16.79541120880272,0.07196279315766511
