Times,BER,EbNo,Prop_Loss,Weather,Rain_Loss,EIRP,Range,Rcvd_Frequency,g_over_T,Bandwidth,Free_Space_Loss,Propagation_Delay,Rcvd_Iso_Power,C/No,Atmos Loss
23388.588,0.15041822404496596,-2.7145035315579187,175.31347370975067,Clouds,3.146991723336609,12.0,799.9999389044501,12.00000776807485,12.0,200.0,172.0932072193382,0.0026685125577923983,-163.31364239462872,17.28549646844208,0.07327476707585029
23389.0,0.1503893653762821,-2.713466373551447,175.31245821078554,Clouds,3.1467967958317993,12.0,799.9251156629487,12.000006770675391,12.0,200.0,172.09239479826053,0.002668262974323886,-163.31260523662223,17.286533626448552,0.07326661669318825
23390.0,0.1503351522647115,-2.711517972963475,175.31056240175957,Clouds,3.146424476347079,12.0,799.7862155962674,12.000004348811784,12.0,200.0,172.09088643780902,0.002667799653573231,-163.31065683603427,17.288482027036526,0.07325148760344768
23391.0,0.15030337679648098,-2.710375959106024,175.30947299969222,Clouds,3.146194906387824,12.0,799.7078331986263,12.000001925987318,12.0,200.0,172.09003514254283,0.0026675381980377447,-163.30951482217682,17.289624040893976,0.07324295076155383
23392.0,0.15029464933000308,-2.7100622911139096,175.3091903566263,Clouds,3.146108053514193,12.0,799.6899859987192,11.999999502754676,12.0,200.0,172.08984129607526,0.0026674786661868566,-163.30920115418468,17.28993770888609,0.0732410070368151
23393.0,0.15031069775273043,-2.7106390760370407,175.30971452441287,Clouds,3.146163891834774,12.0,799.7326770924474,11.999997079666695,12.0,200.0,172.09030497604843,0.0026676210683473814,-163.30977793910785,17.28936092396296,0.07324565652966299
23394.0,0.1503491881994083,-2.712022422607835,175.31104526835733,Clouds,3.146362404476504,12.0,799.8358961687992,11.999994657276272,12.0,200.0,172.09142596519757,0.002667965370125486,-163.31116128567862,17.287977577392166,0.0732568986832422
23394.999,0.1504100341166799,-2.7142091928222314,175.3131795149975,Clouds,3.146703168753831,12.0,799.9994245858943,11.999992238555533,12.0,200.0,172.09320163519322,0.002668510842210361,-163.31334805589302,17.28579080717777,0.07327471105044718
